label,path
traces,pythonProject4/pics/traces/120_trace_image.png
traces,pythonProject4/pics/traces/27_trace_image.png
traces,pythonProject4/pics/traces/81_trace_image.png
traces,pythonProject4/pics/traces/186_trace_image.png
traces,pythonProject4/pics/traces/60_trace_image.png
traces,pythonProject4/pics/traces/221_trace_image.png
traces,pythonProject4/pics/traces/79_trace_image.png
traces,pythonProject4/pics/traces/205_trace_image.png
traces,pythonProject4/pics/traces/143_trace_image.png
traces,pythonProject4/pics/traces/238_trace_image.png
traces,pythonProject4/pics/traces/44_trace_image.png
traces,pythonProject4/pics/traces/242_trace_image.png
traces,pythonProject4/pics/traces/139_trace_image.png
traces,pythonProject4/pics/traces/98_trace_image.png
traces,pythonProject4/pics/traces/104_trace_image.png
traces,pythonProject4/pics/traces/237_trace_image.png
traces,pythonProject4/pics/traces/76_trace_image.png
traces,pythonProject4/pics/traces/171_trace_image.png
traces,pythonProject4/pics/traces/190_trace_image.png
traces,pythonProject4/pics/traces/136_trace_image.png
traces,pythonProject4/pics/traces/31_trace_image.png
traces,pythonProject4/pics/traces/15_trace_image.png
traces,pythonProject4/pics/traces/189_trace_image.png
traces,pythonProject4/pics/traces/5_trace_image.png
traces,pythonProject4/pics/traces/112_trace_image.png
traces,pythonProject4/pics/traces/28_trace_image.png
traces,pythonProject4/pics/traces/254_trace_image.png
traces,pythonProject4/pics/traces/155_trace_image.png
traces,pythonProject4/pics/traces/52_trace_image.png
traces,pythonProject4/pics/traces/168_trace_image.png
traces,pythonProject4/pics/traces/213_trace_image.png
traces,pythonProject4/pics/traces/214_trace_image.png
traces,pythonProject4/pics/traces/68_trace_image.png
traces,pythonProject4/pics/traces/55_trace_image.png
traces,pythonProject4/pics/traces/229_trace_image.png
traces,pythonProject4/pics/traces/152_trace_image.png
traces,pythonProject4/pics/traces/128_trace_image.png
traces,pythonProject4/pics/traces/253_trace_image.png
traces,pythonProject4/pics/traces/89_trace_image.png
traces,pythonProject4/pics/traces/115_trace_image.png
traces,pythonProject4/pics/traces/2_trace_image.png
traces,pythonProject4/pics/traces/12_trace_image.png
traces,pythonProject4/pics/traces/36_trace_image.png
traces,pythonProject4/pics/traces/131_trace_image.png
traces,pythonProject4/pics/traces/197_trace_image.png
traces,pythonProject4/pics/traces/90_trace_image.png
traces,pythonProject4/pics/traces/176_trace_image.png
traces,pythonProject4/pics/traces/71_trace_image.png
traces,pythonProject4/pics/traces/230_trace_image.png
traces,pythonProject4/pics/traces/103_trace_image.png
traces,pythonProject4/pics/traces/198_trace_image.png
traces,pythonProject4/pics/traces/245_trace_image.png
traces,pythonProject4/pics/traces/39_trace_image.png
traces,pythonProject4/pics/traces/43_trace_image.png
traces,pythonProject4/pics/traces/144_trace_image.png
traces,pythonProject4/pics/traces/202_trace_image.png
traces,pythonProject4/pics/traces/179_trace_image.png
traces,pythonProject4/pics/traces/226_trace_image.png
traces,pythonProject4/pics/traces/160_trace_image.png
traces,pythonProject4/pics/traces/67_trace_image.png
traces,pythonProject4/pics/traces/261_trace_image.png
traces,pythonProject4/pics/traces/181_trace_image.png
traces,pythonProject4/pics/traces/86_trace_image.png
traces,pythonProject4/pics/traces/20_trace_image.png
traces,pythonProject4/pics/traces/127_trace_image.png
traces,pythonProject4/pics/traces/129_trace_image.png
traces,pythonProject4/pics/traces/252_trace_image.png
traces,pythonProject4/pics/traces/88_trace_image.png
traces,pythonProject4/pics/traces/114_trace_image.png
traces,pythonProject4/pics/traces/3_trace_image.png
traces,pythonProject4/pics/traces/13_trace_image.png
traces,pythonProject4/pics/traces/215_trace_image.png
traces,pythonProject4/pics/traces/69_trace_image.png
traces,pythonProject4/pics/traces/54_trace_image.png
traces,pythonProject4/pics/traces/228_trace_image.png
traces,pythonProject4/pics/traces/153_trace_image.png
traces,pythonProject4/pics/traces/177_trace_image.png
traces,pythonProject4/pics/traces/70_trace_image.png
traces,pythonProject4/pics/traces/231_trace_image.png
traces,pythonProject4/pics/traces/37_trace_image.png
traces,pythonProject4/pics/traces/196_trace_image.png
traces,pythonProject4/pics/traces/91_trace_image.png
traces,pythonProject4/pics/traces/42_trace_image.png
traces,pythonProject4/pics/traces/145_trace_image.png
traces,pythonProject4/pics/traces/203_trace_image.png
traces,pythonProject4/pics/traces/178_trace_image.png
traces,pythonProject4/pics/traces/102_trace_image.png
traces,pythonProject4/pics/traces/199_trace_image.png
traces,pythonProject4/pics/traces/244_trace_image.png
traces,pythonProject4/pics/traces/38_trace_image.png
traces,pythonProject4/pics/traces/260_trace_image.png
traces,pythonProject4/pics/traces/180_trace_image.png
traces,pythonProject4/pics/traces/87_trace_image.png
traces,pythonProject4/pics/traces/21_trace_image.png
traces,pythonProject4/pics/traces/227_trace_image.png
traces,pythonProject4/pics/traces/161_trace_image.png
traces,pythonProject4/pics/traces/66_trace_image.png
traces,pythonProject4/pics/traces/61_trace_image.png
traces,pythonProject4/pics/traces/166_trace_image.png
traces,pythonProject4/pics/traces/220_trace_image.png
traces,pythonProject4/pics/traces/121_trace_image.png
traces,pythonProject4/pics/traces/26_trace_image.png
traces,pythonProject4/pics/traces/80_trace_image.png
traces,pythonProject4/pics/traces/187_trace_image.png
traces,pythonProject4/pics/traces/243_trace_image.png
traces,pythonProject4/pics/traces/138_trace_image.png
traces,pythonProject4/pics/traces/99_trace_image.png
traces,pythonProject4/pics/traces/105_trace_image.png
traces,pythonProject4/pics/traces/78_trace_image.png
traces,pythonProject4/pics/traces/204_trace_image.png
traces,pythonProject4/pics/traces/142_trace_image.png
traces,pythonProject4/pics/traces/239_trace_image.png
traces,pythonProject4/pics/traces/45_trace_image.png
traces,pythonProject4/pics/traces/96_trace_image.png
traces,pythonProject4/pics/traces/191_trace_image.png
traces,pythonProject4/pics/traces/137_trace_image.png
traces,pythonProject4/pics/traces/30_trace_image.png
traces,pythonProject4/pics/traces/236_trace_image.png
traces,pythonProject4/pics/traces/77_trace_image.png
traces,pythonProject4/pics/traces/170_trace_image.png
traces,pythonProject4/pics/traces/154_trace_image.png
traces,pythonProject4/pics/traces/53_trace_image.png
traces,pythonProject4/pics/traces/169_trace_image.png
traces,pythonProject4/pics/traces/212_trace_image.png
traces,pythonProject4/pics/traces/14_trace_image.png
traces,pythonProject4/pics/traces/4_trace_image.png
traces,pythonProject4/pics/traces/188_trace_image.png
traces,pythonProject4/pics/traces/113_trace_image.png
traces,pythonProject4/pics/traces/29_trace_image.png
traces,pythonProject4/pics/traces/255_trace_image.png
traces,pythonProject4/pics/traces/148_trace_image.png
traces,pythonProject4/pics/traces/233_trace_image.png
traces,pythonProject4/pics/traces/175_trace_image.png
traces,pythonProject4/pics/traces/72_trace_image.png
traces,pythonProject4/pics/traces/194_trace_image.png
traces,pythonProject4/pics/traces/93_trace_image.png
traces,pythonProject4/pics/traces/249_trace_image.png
traces,pythonProject4/pics/traces/35_trace_image.png
traces,pythonProject4/pics/traces/132_trace_image.png
traces,pythonProject4/pics/traces/116_trace_image.png
traces,pythonProject4/pics/traces/11_trace_image.png
traces,pythonProject4/pics/traces/1_trace_image.png
traces,pythonProject4/pics/traces/250_trace_image.png
traces,pythonProject4/pics/traces/56_trace_image.png
traces,pythonProject4/pics/traces/151_trace_image.png
traces,pythonProject4/pics/traces/217_trace_image.png
traces,pythonProject4/pics/traces/23_trace_image.png
traces,pythonProject4/pics/traces/124_trace_image.png
traces,pythonProject4/pics/traces/182_trace_image.png
traces,pythonProject4/pics/traces/262_trace_image.png
traces,pythonProject4/pics/traces/85_trace_image.png
traces,pythonProject4/pics/traces/119_trace_image.png
traces,pythonProject4/pics/traces/163_trace_image.png
traces,pythonProject4/pics/traces/64_trace_image.png
traces,pythonProject4/pics/traces/59_trace_image.png
traces,pythonProject4/pics/traces/225_trace_image.png
traces,pythonProject4/pics/traces/201_trace_image.png
traces,pythonProject4/pics/traces/40_trace_image.png
traces,pythonProject4/pics/traces/147_trace_image.png
traces,pythonProject4/pics/traces/246_trace_image.png
traces,pythonProject4/pics/traces/100_trace_image.png
traces,pythonProject4/pics/traces/107_trace_image.png
traces,pythonProject4/pics/traces/241_trace_image.png
traces,pythonProject4/pics/traces/140_trace_image.png
traces,pythonProject4/pics/traces/47_trace_image.png
traces,pythonProject4/pics/traces/206_trace_image.png
traces,pythonProject4/pics/traces/222_trace_image.png
traces,pythonProject4/pics/traces/159_trace_image.png
traces,pythonProject4/pics/traces/63_trace_image.png
traces,pythonProject4/pics/traces/164_trace_image.png
traces,pythonProject4/pics/traces/82_trace_image.png
traces,pythonProject4/pics/traces/19_trace_image.png
traces,pythonProject4/pics/traces/9_trace_image.png
traces,pythonProject4/pics/traces/123_trace_image.png
traces,pythonProject4/pics/traces/24_trace_image.png
traces,pythonProject4/pics/traces/258_trace_image.png
traces,pythonProject4/pics/traces/210_trace_image.png
traces,pythonProject4/pics/traces/156_trace_image.png
traces,pythonProject4/pics/traces/51_trace_image.png
traces,pythonProject4/pics/traces/257_trace_image.png
traces,pythonProject4/pics/traces/6_trace_image.png
traces,pythonProject4/pics/traces/16_trace_image.png
traces,pythonProject4/pics/traces/111_trace_image.png
traces,pythonProject4/pics/traces/135_trace_image.png
traces,pythonProject4/pics/traces/32_trace_image.png
traces,pythonProject4/pics/traces/94_trace_image.png
traces,pythonProject4/pics/traces/108_trace_image.png
traces,pythonProject4/pics/traces/193_trace_image.png
traces,pythonProject4/pics/traces/75_trace_image.png
traces,pythonProject4/pics/traces/209_trace_image.png
traces,pythonProject4/pics/traces/172_trace_image.png
traces,pythonProject4/pics/traces/48_trace_image.png
traces,pythonProject4/pics/traces/141_trace_image.png
traces,pythonProject4/pics/traces/46_trace_image.png
traces,pythonProject4/pics/traces/207_trace_image.png
traces,pythonProject4/pics/traces/106_trace_image.png
traces,pythonProject4/pics/traces/240_trace_image.png
traces,pythonProject4/pics/traces/83_trace_image.png
traces,pythonProject4/pics/traces/264_trace_image.png
traces,pythonProject4/pics/traces/18_trace_image.png
traces,pythonProject4/pics/traces/8_trace_image.png
traces,pythonProject4/pics/traces/184_trace_image.png
traces,pythonProject4/pics/traces/122_trace_image.png
traces,pythonProject4/pics/traces/25_trace_image.png
traces,pythonProject4/pics/traces/259_trace_image.png
traces,pythonProject4/pics/traces/223_trace_image.png
traces,pythonProject4/pics/traces/158_trace_image.png
traces,pythonProject4/pics/traces/62_trace_image.png
traces,pythonProject4/pics/traces/165_trace_image.png
traces,pythonProject4/pics/traces/256_trace_image.png
traces,pythonProject4/pics/traces/7_trace_image.png
traces,pythonProject4/pics/traces/17_trace_image.png
traces,pythonProject4/pics/traces/110_trace_image.png
traces,pythonProject4/pics/traces/211_trace_image.png
traces,pythonProject4/pics/traces/157_trace_image.png
traces,pythonProject4/pics/traces/50_trace_image.png
traces,pythonProject4/pics/traces/74_trace_image.png
traces,pythonProject4/pics/traces/208_trace_image.png
traces,pythonProject4/pics/traces/173_trace_image.png
traces,pythonProject4/pics/traces/235_trace_image.png
traces,pythonProject4/pics/traces/49_trace_image.png
traces,pythonProject4/pics/traces/33_trace_image.png
traces,pythonProject4/pics/traces/95_trace_image.png
traces,pythonProject4/pics/traces/109_trace_image.png
traces,pythonProject4/pics/traces/192_trace_image.png
traces,pythonProject4/pics/traces/195_trace_image.png
traces,pythonProject4/pics/traces/92_trace_image.png
traces,pythonProject4/pics/traces/248_trace_image.png
traces,pythonProject4/pics/traces/34_trace_image.png
traces,pythonProject4/pics/traces/133_trace_image.png
traces,pythonProject4/pics/traces/149_trace_image.png
traces,pythonProject4/pics/traces/232_trace_image.png
traces,pythonProject4/pics/traces/174_trace_image.png
traces,pythonProject4/pics/traces/73_trace_image.png
traces,pythonProject4/pics/traces/57_trace_image.png
traces,pythonProject4/pics/traces/150_trace_image.png
traces,pythonProject4/pics/traces/216_trace_image.png
traces,pythonProject4/pics/traces/117_trace_image.png
traces,pythonProject4/pics/traces/10_trace_image.png
traces,pythonProject4/pics/traces/251_trace_image.png
traces,pythonProject4/pics/traces/162_trace_image.png
traces,pythonProject4/pics/traces/219_trace_image.png
traces,pythonProject4/pics/traces/65_trace_image.png
traces,pythonProject4/pics/traces/58_trace_image.png
traces,pythonProject4/pics/traces/224_trace_image.png
traces,pythonProject4/pics/traces/22_trace_image.png
traces,pythonProject4/pics/traces/125_trace_image.png
traces,pythonProject4/pics/traces/183_trace_image.png
traces,pythonProject4/pics/traces/263_trace_image.png
traces,pythonProject4/pics/traces/84_trace_image.png
traces,pythonProject4/pics/traces/118_trace_image.png
traces,pythonProject4/pics/traces/247_trace_image.png
traces,pythonProject4/pics/traces/200_trace_image.png
traces,pythonProject4/pics/traces/41_trace_image.png
traces,pythonProject4/pics/traces/146_trace_image.png
shared,pythonProject4/.venv/lib/python3.12/site-packages/werkzeug/debug/shared/console.png
shared,pythonProject4/.venv/lib/python3.12/site-packages/werkzeug/debug/shared/less.png
shared,pythonProject4/.venv/lib/python3.12/site-packages/werkzeug/debug/shared/more.png
circles,pythonProject4/data/circles/120_trace_image.png
circles,pythonProject4/data/circles/143_trace_image.png
circles,pythonProject4/data/circles/139_trace_image.png
circles,pythonProject4/data/circles/98_trace_image.png
circles,pythonProject4/data/circles/104_trace_image.png
circles,pythonProject4/data/circles/171_trace_image.png
circles,pythonProject4/data/circles/136_trace_image.png
circles,pythonProject4/data/circles/112_trace_image.png
circles,pythonProject4/data/circles/155_trace_image.png
circles,pythonProject4/data/circles/168_trace_image.png
circles,pythonProject4/data/circles/152_trace_image.png
circles,pythonProject4/data/circles/128_trace_image.png
circles,pythonProject4/data/circles/115_trace_image.png
circles,pythonProject4/data/circles/131_trace_image.png
circles,pythonProject4/data/circles/176_trace_image.png
circles,pythonProject4/data/circles/103_trace_image.png
circles,pythonProject4/data/circles/144_trace_image.png
circles,pythonProject4/data/circles/179_trace_image.png
circles,pythonProject4/data/circles/160_trace_image.png
circles,pythonProject4/data/circles/181_trace_image.png
circles,pythonProject4/data/circles/127_trace_image.png
circles,pythonProject4/data/circles/129_trace_image.png
circles,pythonProject4/data/circles/114_trace_image.png
circles,pythonProject4/data/circles/153_trace_image.png
circles,pythonProject4/data/circles/177_trace_image.png
circles,pythonProject4/data/circles/145_trace_image.png
circles,pythonProject4/data/circles/178_trace_image.png
circles,pythonProject4/data/circles/102_trace_image.png
circles,pythonProject4/data/circles/180_trace_image.png
circles,pythonProject4/data/circles/161_trace_image.png
circles,pythonProject4/data/circles/166_trace_image.png
circles,pythonProject4/data/circles/121_trace_image.png
circles,pythonProject4/data/circles/138_trace_image.png
circles,pythonProject4/data/circles/99_trace_image.png
circles,pythonProject4/data/circles/105_trace_image.png
circles,pythonProject4/data/circles/142_trace_image.png
circles,pythonProject4/data/circles/137_trace_image.png
circles,pythonProject4/data/circles/170_trace_image.png
circles,pythonProject4/data/circles/154_trace_image.png
circles,pythonProject4/data/circles/169_trace_image.png
circles,pythonProject4/data/circles/113_trace_image.png
circles,pythonProject4/data/circles/148_trace_image.png
circles,pythonProject4/data/circles/175_trace_image.png
circles,pythonProject4/data/circles/132_trace_image.png
circles,pythonProject4/data/circles/116_trace_image.png
circles,pythonProject4/data/circles/151_trace_image.png
circles,pythonProject4/data/circles/124_trace_image.png
circles,pythonProject4/data/circles/182_trace_image.png
circles,pythonProject4/data/circles/119_trace_image.png
circles,pythonProject4/data/circles/163_trace_image.png
circles,pythonProject4/data/circles/147_trace_image.png
circles,pythonProject4/data/circles/100_trace_image.png
circles,pythonProject4/data/circles/107_trace_image.png
circles,pythonProject4/data/circles/140_trace_image.png
circles,pythonProject4/data/circles/159_trace_image.png
circles,pythonProject4/data/circles/164_trace_image.png
circles,pythonProject4/data/circles/123_trace_image.png
circles,pythonProject4/data/circles/156_trace_image.png
circles,pythonProject4/data/circles/111_trace_image.png
circles,pythonProject4/data/circles/135_trace_image.png
circles,pythonProject4/data/circles/108_trace_image.png
circles,pythonProject4/data/circles/172_trace_image.png
circles,pythonProject4/data/circles/141_trace_image.png
circles,pythonProject4/data/circles/106_trace_image.png
circles,pythonProject4/data/circles/184_trace_image.png
circles,pythonProject4/data/circles/122_trace_image.png
circles,pythonProject4/data/circles/158_trace_image.png
circles,pythonProject4/data/circles/165_trace_image.png
circles,pythonProject4/data/circles/110_trace_image.png
circles,pythonProject4/data/circles/157_trace_image.png
circles,pythonProject4/data/circles/173_trace_image.png
circles,pythonProject4/data/circles/109_trace_image.png
circles,pythonProject4/data/circles/133_trace_image.png
circles,pythonProject4/data/circles/149_trace_image.png
circles,pythonProject4/data/circles/174_trace_image.png
circles,pythonProject4/data/circles/150_trace_image.png
circles,pythonProject4/data/circles/117_trace_image.png
circles,pythonProject4/data/circles/162_trace_image.png
circles,pythonProject4/data/circles/125_trace_image.png
circles,pythonProject4/data/circles/183_trace_image.png
circles,pythonProject4/data/circles/118_trace_image.png
circles,pythonProject4/data/circles/146_trace_image.png
triangleees,pythonProject4/data/triangleees/27_trace_image.png
triangleees,pythonProject4/data/triangleees/81_trace_image.png
triangleees,pythonProject4/data/triangleees/60_trace_image.png
triangleees,pythonProject4/data/triangleees/79_trace_image.png
triangleees,pythonProject4/data/triangleees/44_trace_image.png
triangleees,pythonProject4/data/triangleees/76_trace_image.png
triangleees,pythonProject4/data/triangleees/31_trace_image.png
triangleees,pythonProject4/data/triangleees/15_trace_image.png
triangleees,pythonProject4/data/triangleees/5_trace_image.png
triangleees,pythonProject4/data/triangleees/28_trace_image.png
triangleees,pythonProject4/data/triangleees/52_trace_image.png
triangleees,pythonProject4/data/triangleees/68_trace_image.png
triangleees,pythonProject4/data/triangleees/55_trace_image.png
triangleees,pythonProject4/data/triangleees/89_trace_image.png
triangleees,pythonProject4/data/triangleees/2_trace_image.png
triangleees,pythonProject4/data/triangleees/12_trace_image.png
triangleees,pythonProject4/data/triangleees/36_trace_image.png
triangleees,pythonProject4/data/triangleees/90_trace_image.png
triangleees,pythonProject4/data/triangleees/71_trace_image.png
triangleees,pythonProject4/data/triangleees/39_trace_image.png
triangleees,pythonProject4/data/triangleees/43_trace_image.png
triangleees,pythonProject4/data/triangleees/67_trace_image.png
triangleees,pythonProject4/data/triangleees/86_trace_image.png
triangleees,pythonProject4/data/triangleees/20_trace_image.png
triangleees,pythonProject4/data/triangleees/88_trace_image.png
triangleees,pythonProject4/data/triangleees/3_trace_image.png
triangleees,pythonProject4/data/triangleees/13_trace_image.png
triangleees,pythonProject4/data/triangleees/69_trace_image.png
triangleees,pythonProject4/data/triangleees/54_trace_image.png
triangleees,pythonProject4/data/triangleees/70_trace_image.png
triangleees,pythonProject4/data/triangleees/37_trace_image.png
triangleees,pythonProject4/data/triangleees/91_trace_image.png
triangleees,pythonProject4/data/triangleees/42_trace_image.png
triangleees,pythonProject4/data/triangleees/38_trace_image.png
triangleees,pythonProject4/data/triangleees/87_trace_image.png
triangleees,pythonProject4/data/triangleees/21_trace_image.png
triangleees,pythonProject4/data/triangleees/66_trace_image.png
triangleees,pythonProject4/data/triangleees/61_trace_image.png
triangleees,pythonProject4/data/triangleees/26_trace_image.png
triangleees,pythonProject4/data/triangleees/80_trace_image.png
triangleees,pythonProject4/data/triangleees/78_trace_image.png
triangleees,pythonProject4/data/triangleees/45_trace_image.png
triangleees,pythonProject4/data/triangleees/96_trace_image.png
triangleees,pythonProject4/data/triangleees/30_trace_image.png
triangleees,pythonProject4/data/triangleees/77_trace_image.png
triangleees,pythonProject4/data/triangleees/53_trace_image.png
triangleees,pythonProject4/data/triangleees/14_trace_image.png
triangleees,pythonProject4/data/triangleees/4_trace_image.png
triangleees,pythonProject4/data/triangleees/29_trace_image.png
triangleees,pythonProject4/data/triangleees/72_trace_image.png
triangleees,pythonProject4/data/triangleees/93_trace_image.png
triangleees,pythonProject4/data/triangleees/35_trace_image.png
triangleees,pythonProject4/data/triangleees/11_trace_image.png
triangleees,pythonProject4/data/triangleees/1_trace_image.png
triangleees,pythonProject4/data/triangleees/56_trace_image.png
triangleees,pythonProject4/data/triangleees/23_trace_image.png
triangleees,pythonProject4/data/triangleees/85_trace_image.png
triangleees,pythonProject4/data/triangleees/64_trace_image.png
triangleees,pythonProject4/data/triangleees/59_trace_image.png
triangleees,pythonProject4/data/triangleees/40_trace_image.png
triangleees,pythonProject4/data/triangleees/47_trace_image.png
triangleees,pythonProject4/data/triangleees/63_trace_image.png
triangleees,pythonProject4/data/triangleees/82_trace_image.png
triangleees,pythonProject4/data/triangleees/19_trace_image.png
triangleees,pythonProject4/data/triangleees/9_trace_image.png
triangleees,pythonProject4/data/triangleees/24_trace_image.png
triangleees,pythonProject4/data/triangleees/51_trace_image.png
triangleees,pythonProject4/data/triangleees/6_trace_image.png
triangleees,pythonProject4/data/triangleees/16_trace_image.png
triangleees,pythonProject4/data/triangleees/32_trace_image.png
triangleees,pythonProject4/data/triangleees/94_trace_image.png
triangleees,pythonProject4/data/triangleees/75_trace_image.png
triangleees,pythonProject4/data/triangleees/48_trace_image.png
triangleees,pythonProject4/data/triangleees/46_trace_image.png
triangleees,pythonProject4/data/triangleees/83_trace_image.png
triangleees,pythonProject4/data/triangleees/18_trace_image.png
triangleees,pythonProject4/data/triangleees/8_trace_image.png
triangleees,pythonProject4/data/triangleees/25_trace_image.png
triangleees,pythonProject4/data/triangleees/62_trace_image.png
triangleees,pythonProject4/data/triangleees/7_trace_image.png
triangleees,pythonProject4/data/triangleees/17_trace_image.png
triangleees,pythonProject4/data/triangleees/50_trace_image.png
triangleees,pythonProject4/data/triangleees/74_trace_image.png
triangleees,pythonProject4/data/triangleees/49_trace_image.png
triangleees,pythonProject4/data/triangleees/33_trace_image.png
triangleees,pythonProject4/data/triangleees/95_trace_image.png
triangleees,pythonProject4/data/triangleees/92_trace_image.png
triangleees,pythonProject4/data/triangleees/34_trace_image.png
triangleees,pythonProject4/data/triangleees/73_trace_image.png
triangleees,pythonProject4/data/triangleees/57_trace_image.png
triangleees,pythonProject4/data/triangleees/10_trace_image.png
triangleees,pythonProject4/data/triangleees/65_trace_image.png
triangleees,pythonProject4/data/triangleees/58_trace_image.png
triangleees,pythonProject4/data/triangleees/22_trace_image.png
triangleees,pythonProject4/data/triangleees/84_trace_image.png
triangleees,pythonProject4/data/triangleees/41_trace_image.png
zs,pythonProject4/data/zs/186_trace_image.png
zs,pythonProject4/data/zs/221_trace_image.png
zs,pythonProject4/data/zs/205_trace_image.png
zs,pythonProject4/data/zs/238_trace_image.png
zs,pythonProject4/data/zs/242_trace_image.png
zs,pythonProject4/data/zs/237_trace_image.png
zs,pythonProject4/data/zs/190_trace_image.png
zs,pythonProject4/data/zs/189_trace_image.png
zs,pythonProject4/data/zs/254_trace_image.png
zs,pythonProject4/data/zs/213_trace_image.png
zs,pythonProject4/data/zs/214_trace_image.png
zs,pythonProject4/data/zs/229_trace_image.png
zs,pythonProject4/data/zs/253_trace_image.png
zs,pythonProject4/data/zs/197_trace_image.png
zs,pythonProject4/data/zs/230_trace_image.png
zs,pythonProject4/data/zs/198_trace_image.png
zs,pythonProject4/data/zs/245_trace_image.png
zs,pythonProject4/data/zs/202_trace_image.png
zs,pythonProject4/data/zs/226_trace_image.png
zs,pythonProject4/data/zs/252_trace_image.png
zs,pythonProject4/data/zs/215_trace_image.png
zs,pythonProject4/data/zs/228_trace_image.png
zs,pythonProject4/data/zs/231_trace_image.png
zs,pythonProject4/data/zs/196_trace_image.png
zs,pythonProject4/data/zs/203_trace_image.png
zs,pythonProject4/data/zs/199_trace_image.png
zs,pythonProject4/data/zs/244_trace_image.png
zs,pythonProject4/data/zs/227_trace_image.png
zs,pythonProject4/data/zs/220_trace_image.png
zs,pythonProject4/data/zs/187_trace_image.png
zs,pythonProject4/data/zs/243_trace_image.png
zs,pythonProject4/data/zs/204_trace_image.png
zs,pythonProject4/data/zs/239_trace_image.png
zs,pythonProject4/data/zs/191_trace_image.png
zs,pythonProject4/data/zs/236_trace_image.png
zs,pythonProject4/data/zs/212_trace_image.png
zs,pythonProject4/data/zs/188_trace_image.png
zs,pythonProject4/data/zs/233_trace_image.png
zs,pythonProject4/data/zs/194_trace_image.png
zs,pythonProject4/data/zs/249_trace_image.png
zs,pythonProject4/data/zs/250_trace_image.png
zs,pythonProject4/data/zs/217_trace_image.png
zs,pythonProject4/data/zs/225_trace_image.png
zs,pythonProject4/data/zs/201_trace_image.png
zs,pythonProject4/data/zs/246_trace_image.png
zs,pythonProject4/data/zs/241_trace_image.png
zs,pythonProject4/data/zs/206_trace_image.png
zs,pythonProject4/data/zs/222_trace_image.png
zs,pythonProject4/data/zs/210_trace_image.png
zs,pythonProject4/data/zs/193_trace_image.png
zs,pythonProject4/data/zs/209_trace_image.png
zs,pythonProject4/data/zs/207_trace_image.png
zs,pythonProject4/data/zs/240_trace_image.png
zs,pythonProject4/data/zs/223_trace_image.png
zs,pythonProject4/data/zs/211_trace_image.png
zs,pythonProject4/data/zs/208_trace_image.png
zs,pythonProject4/data/zs/235_trace_image.png
zs,pythonProject4/data/zs/192_trace_image.png
zs,pythonProject4/data/zs/195_trace_image.png
zs,pythonProject4/data/zs/248_trace_image.png
zs,pythonProject4/data/zs/232_trace_image.png
zs,pythonProject4/data/zs/216_trace_image.png
zs,pythonProject4/data/zs/251_trace_image.png
zs,pythonProject4/data/zs/219_trace_image.png
zs,pythonProject4/data/zs/224_trace_image.png
zs,pythonProject4/data/zs/247_trace_image.png
zs,pythonProject4/data/zs/200_trace_image.png
